<?xml version="1.0" encoding="UTF-8"?>
<beans xmlns="http://www.springframework.org/schema/beans"
	xmlns:xsi="http://www.w3.org/2001/XMLSchema-instance"
	xmlns:mybatis-spring="http://mybatis.org/schema/mybatis-spring"
	xmlns:mvc="http://www.springframework.org/schema/mvc"
	xmlns:lang="http://www.springframework.org/schema/lang"
	xmlns:context="http://www.springframework.org/schema/context"
	xsi:schemaLocation="http://www.springframework.org/schema/mvc http://www.springframework.org/schema/mvc/spring-mvc-4.3.xsd
		http://mybatis.org/schema/mybatis-spring http://mybatis.org/schema/mybatis-spring-1.2.xsd
		http://www.springframework.org/schema/beans https://www.springframework.org/schema/beans/spring-beans.xsd
		http://www.springframework.org/schema/lang http://www.springframework.org/schema/lang/spring-lang-4.3.xsd
		http://www.springframework.org/schema/context http://www.springframework.org/schema/context/spring-context-4.3.xsd">

	<!-- Root Context: defines shared resources visible to all other web components -->
	<bean id="hicariConfig" class="com.zaxxer.hikari.HikariConfig">
		<!-- 
		<property name="driverClassName" value="com.mysql.cj.jdbc.Driver"></property>
		<property name="jdbcUrl" value="jdbc:mysql://localhost:3306/jjdb?serverTimezone=Asia/Seoul"></property>
		 -->
		<property name="driverClassName" value="net.sf.log4jdbc.sql.jdbcapi.DriverSpy"></property>
		<property name="jdbcUrl" value="jdbc:log4jdbc:mysql://localhost:3306/moolcalm?serverTimezone=Asia/Seoul"></property>
		<property name="username" value="moolcalm_manage"></property>
		<property name="password" value="moolcalm5555"></property>
	
	</bean>
	
	<bean id="dataSource" class="com.zaxxer.hikari.HikariDataSource" destroy-method="close">
		<constructor-arg ref="hicariConfig" />
	</bean>
	
	<bean id="sqlSessionFactory" class="org.mybatis.spring.SqlSessionFactoryBean">
		<property name="dataSource" ref="dataSource"></property>
	</bean>
	
	<!-- Gmail -->
		  <bean id="mailSender" class="org.springframework.mail.javamail.JavaMailSenderImpl">
		    <property name="host" value="smtp.gmail.com" />
		    <property name="port" value="587" />
		    <property name="username" value="moolcalm.manage5555@gmail.com" />
		    <property name="password" value="moolcalm5555" />
		    <property name="javaMailProperties">
		    <props>
		      <prop key="mail.smtp.auth">true</prop>
		      <prop key="mail.smtp.starttls.enable">true</prop>
		    </props>
		    </property>
		  </bean>
	
	
	
	
	<!-- 스프링에게 패키지를 인식시키는 기능. -->
	<mybatis-spring:scan base-package="com.moolcalm.mapper"/>
	<context:component-scan base-package="com.moolcalm.service"></context:component-scan>
		
</beans>
