<?xml version="1.0" encoding="UTF-8"?>
<!DOCTYPE mapper
  PUBLIC "-//mybatis.org//DTD Mapper 3.0//EN"
  "http://mybatis.org/dtd/mybatis-3-mapper.dtd">
<mapper namespace="com.moolcalm.mapper.MemberMapper">


	<!-- 로그인 -->
	<select id="login" resultType="com.moolcalm.domain.InfoVO">
		select * from l_info where email=#{email} and password=#{password}
	</select>
	
	<!-- 출석체크 시에 포인트, 접속횟수를 증가시키고 접속일을 갱신하라는 명령 -->
	<update id="dailycheck">
		update l_info
        set point=point + 100, login_count = login_count + 1,now_date = now()
        where email= #{email}
	</update>
	
	
	<!-- 회원가입 mapper -->
    <insert id="join">
        insert into moolcalm.l_info (email, password, join_date, now_date, login_count, point) 
   		values (#{email}, #{password}, now(), now(), 0, 0);
    </insert>

    
    <!-- 비밀번호 찾기 관련 mapper -->
    <select id = "find_pass_check" resultType="com.moolcalm.domain.InfoVO">
        select password from moolcalm.l_info
        where email=#{email}
    </select>
          

    <!-- 비밀번호 변경 관련 mapper -->
    <update id = "pass_change">
        update moolcalm.l_info set password=#{password} where email=#{email}
    </update>
    
    
    <!-- 이메일 중복확인 관련 mapper-->
    <select id = "email_check" resultType="int">
        select count(*) from moolcalm.l_info
        where email=#{email}
    </select>    
        
    <!-- 회원 프로필 확인 mapper -->
    <select id = "member_profile" resultType="com.moolcalm.domain.InfoVO">
        select point, email, join_date
        from moolcalm.l_info
        where email=#{email}
    </select>   
	
	<!-- 회원탈퇴 -->
    <delete id="info_delete"> 
   	delete FROM moolcalm.l_info where email=#{email}
    </delete>
    
    	
	<update id = "remove_fk">
        set foreign_key_checks = 0
    </update>
    
    <update id = "reset_fk">
        set foreign_key_checks = 1
    </update> 
</mapper>