<?xml version="1.0" encoding="UTF-8"?>

<!DOCTYPE mapper
  PUBLIC "-//mybatis.org//DTD Mapper 3.0//EN"
  "http://mybatis.org/dtd/mybatis-3-mapper.dtd">
<mapper namespace="com.moolcalm.mapper.ProductMapper">

<!-- 모음집 목록 생성 -->
 	<select id="getList" resultType="com.moolcalm.domain.ProductVO">
    	select p_setname,p_path,p_author from product_list
    	where p_name like '%001'
	</select>
	
	
	    <!-- 상품구매 중복확인 관련 mapper-->
    <select id = "product_check" resultType="int">
        select count(*) from collection_list
        where email=#{email} and p_name=#{p_name}
    </select>
	
	<!-- 구매 목록에 추가 -->
	<insert id="buy" parameterType="com.moolcalm.domain.CollectionVO">
	  	insert into collection_list(email, p_name)
	  	values (#{email}, #{p_name})
  	</insert>
  	
  	<!-- 포인트 차감 -->
  	<update id="minusPoint">
  		UPDATE l_info SET point = point - #{point} WHERE email = #{email}
  	</update>
  	
  	<!-- 모음집 상세페이지 생성 -->
	 <select id="read" resultType="com.moolcalm.domain.ProductVO">
  select * from product_list where p_setname=#{p_setname} and p_name like '%001'
  </select>
  <!-- 상품 낱개 리스트 생성 -->
  <select id="readList" resultType="com.moolcalm.domain.ProductVO">
  	select p_name from product_list where p_setname = #{p_setname} order by p_name asc
  </select>
  
  <!-- 상품 전체 갯수, 전체 가격, 낱개 가격 출력 -->
  <select id="readProductCount" resultType="com.moolcalm.domain.ProductVO">
  	select  count(*) count, sum(p_price) sum,p_price price from product_list where p_setname=#{p_setname};
  </select>
  

  
  
  
  
<!--   <insert id="buy">
  	insert into collection_list(email,p_name) values(${email},#{p_name})
  </insert> 오류남 ㅡㅡ ...-->
  <!-- <select id="buy" resultType="com.moolcalm.domain.CollectionVO">
  	SELECT 
  		E.LAST_NAME "lastName"
	FROM EMPLOYEES E 
	JOIN DEPARTMENTS D
	ON(
		E.DEPARTMENT_ID = D.DEPARTMENT_ID
	)
	WHERE 
		E.EMPLOYEE_ID = #{employee_id}
  </select>  -->
  <!-- 컨트롤 쉬프트 엑스를 누르면 대문자화 되고 와이를 누르면 소문자화  -->
  <!-- then you have to make another VO for the join query -->

</mapper>